1,2,3,4,5,6,7,8,9,10,12,13,14,16,17,18,19,22,23,24,28,29,30,33,35,38,39,41,42,44,45,46,47,49,50,51,53,54,55,58,59,60,63,66,67,69,70,71,73,74,76,77,78,80,81,83,85,86,87,89,91,94,95,96,98,99,100,102,103,104,105,106,107,110,111,113,116,117,118,121,122,123,124,125,126,127,129,131,133,135,137,141,142,144,145,146,147,149,150,151,153,155,156,158,159,160
1,3,4,5,6,7,8,9,10,11,12,13,15,16,17,18,19,21,23,24,27,28,29,30,31,36,37,38,41,42,43,44,45,46,47,49,51,52,53,55,56,58,59,63,65,67,68,69,70,71,74,75,76,77,80,81,84,85,86,89,92,95,96,98,100,102,103,104,105,106,107,109,110,111,113,116,118,119,121,123,124,125,126,127,129,130,132,133,137,140,141,142,144,145,146,147,149,150,151,152,153,155,156,159,160,161
1,2,3,4,5,6,7,8,9,10,11,13,14,15,16,17,18,21,22,23,24,26,28,29,31,33,36,37,38,39,41,42,43,44,45,46,47,49,50,51,52,53,55,56,58,60,63,66,67,68,69,70,71,73,74,76,77,78,80,81,85,86,87,89,91,94,95,96,98,99,100,102,104,105,107,109,110,113,116,117,118,119,121,123,124,127,129,130,131,132,133,140,141,142,145,146,147,149,150,151,152,153,155,156,157,159,160
1,2,3,4,5,6,8,10,11,12,13,14,15,16,17,18,19,21,22,23,26,27,28,29,30,31,35,36,37,38,39,41,42,43,44,46,47,49,50,51,52,53,54,56,58,59,60,63,65,66,67,68,69,70,71,74,75,77,78,80,83,84,85,87,89,92,94,95,96,99,102,104,106,107,109,110,111,117,118,119,120,121,123,124,125,127,130,131,132,133,135,140,141,142,144,146,147,149,150,151,152,153,155,156,157,159,160
1,2,3,4,6,7,8,9,10,11,12,13,14,15,16,18,19,21,22,23,24,26,27,30,31,33,36,37,38,39,41,43,45,46,47,49,50,51,52,53,54,55,56,58,59,60,63,65,66,67,68,69,71,76,77,80,81,83,84,85,87,91,92,94,95,98,99,100,102,103,104,105,107,109,110,111,113,117,118,119,120,121,123,124,125,127,129,130,131,132,133,140,141,142,144,145,146,147,149,150,152,153,155,156,157,159,160
1,2,4,5,7,8,9,10,11,12,13,14,15,16,17,18,19,21,22,24,26,27,28,29,30,31,35,36,38,39,41,42,43,44,45,46,47,49,50,52,53,54,55,58,59,63,65,68,69,70,71,73,74,75,76,78,80,81,83,84,87,89,91,95,96,99,100,103,104,105,106,107,110,111,113,116,117,119,120,121,122,123,125,126,127,130,131,132,133,135,137,141,142,144,145,146,147,149,150,151,152,153,155,156,157,159,160
1,2,3,4,5,6,7,8,9,11,12,13,14,15,16,17,19,21,22,23,24,26,27,28,29,30,33,35,36,37,38,39,42,43,44,45,47,49,50,51,52,53,54,55,56,59,60,65,66,67,68,69,70,71,73,75,76,77,78,80,83,85,86,87,89,92,94,96,98,99,100,102,104,105,106,107,109,111,113,116,117,119,121,122,123,125,126,127,129,130,131,133,135,137,140,144,145,146,147,150,151,152,155,156,157,159,160
1,2,3,4,5,6,7,9,10,11,12,13,14,15,16,17,18,21,22,23,24,26,27,28,29,30,33,35,36,37,38,39,41,42,43,44,45,46,49,50,51,52,54,55,56,58,59,60,63,65,66,67,68,70,71,74,75,76,77,78,81,83,84,85,86,89,91,92,94,95,96,98,100,102,103,104,105,107,109,111,113,117,119,120,122,126,127,129,130,131,132,135,137,140,141,142,144,145,146,147,149,150,151,152,153,157,158
2,3,5,6,7,8,9,10,11,12,13,14,15,16,17,18,19,21,22,23,24,26,27,28,29,30,33,35,36,37,39,41,42,43,44,45,46,47,49,50,51,52,53,54,55,56,58,59,60,63,65,66,67,68,69,73,74,75,76,77,81,83,84,85,86,89,91,92,94,95,98,99,102,103,104,106,107,110,113,116,117,118,120,121,122,124,126,127,129,130,131,135,137,140,141,142,144,145,149,151,152,153,155,156,157,159,160
1,2,3,4,5,6,7,8,9,10,11,12,14,15,17,18,19,21,22,23,24,26,27,28,29,30,33,36,37,38,39,41,42,43,44,45,46,47,50,51,52,53,54,55,56,58,59,60,63,65,66,67,69,70,71,74,75,76,78,80,84,85,86,87,89,92,94,95,96,98,99,100,103,105,106,109,110,113,116,117,118,119,121,122,123,125,126,129,130,131,133,137,140,141,142,144,145,146,147,149,150,151,152,153,156,159,160
